doc_id,text
demo_direct_indirect,"BALIKPAPAN, KOMPAS — Tebalnya kabut asap akibat kebakaran hutan dan lahan mengganggu ratusan penerbangan dari dan ke Kalimantan. Kesehatan warga terancam dan pekerjaan warga terganggu.

Di Kalimantan Barat, provinsi dengan karhutla terparah, penerbangan tak bisa tepat waktu. Kendati Bandar Udara Internasional Supadio, Pontianak, di Kabupaten Kubu Raya tidak sampai lumpuh total, kabut asap tebal mengganggu operasional bandara.

”Sejak Agustus 2026 sampai hari ini tercatat total 191 penerbangan yang terganggu, baik yang berangkat dan datang ke Bandara Supadio,” kata Branch Communication & CSR Department Head Bandara Supadio M Joko Wahyudi, saat dihubungi dari Balikpapan, Kamis (3/9/2026)."
demo_indirect,"JAKARTA, KOMPAS — Skema pengelolaan dividen badan usaha milik negara (BUMN) pada 2026 disinyalir akan kembali diarahkan ke kas negara untuk memperkuat bantalan fiskal. Sekitar Rp 120 triliun dividen BUMN yang dikelola Badan Pengelola Investasi Danantara disiapkan untuk menopang ketahanan APBN tahun ini.

Hal itu disampaikan Menteri Keuangan Purbaya Yudhi Sadewa dalam Sarasehan 100 Ekonom Indonesia di Jakarta, Kamis (3/9/2026). Ia mengklaim penyetoran tersebut merupakan perintah Presiden Prabowo Subianto kepada Danantara. Dana tersebut akan digunakan sebagai cadangan untuk memperkuat fiskal pada tahun anggaran 2026.

”Kita masih punya sumber-sumber lain yang bisa kita manfaatkan sebagai sumber pemasukan baru. Salah satu yang agak kelihatan dari jauh, kelihatannya Danantara, tuh. Kita akan masukin ke PNBP (penerimaan negara bukan pajak) walaupun mereka masih protes. Tetapi, ini perintah Bapak Presiden,” kata Purbaya."
